id;first_name;last_name;gender;email;phone;address_line_1;address_line_2;citry;country
1;Wiley;Ryan;FEMALE;"6lK>l=@u8^t0F@.Cd";566.941.8225 x4390;antelope personal gadzooks;fund likewise;stealthily successfully ah;Guatemala
2;Letitia;Stracke-Wiegand;FEMALE;"x=?E@B=k@.Zz";1-389-559-9472;square repurpose wearily;like incidentally gee;inspection of spirited;Burkina Faso
3;Kyra;Marks;FEMALE;"cU;)@_<_k@.Le\`";441-977-7668;steep ample;commercial;monstrous however coexist;Pitcairn Islands
4;Hermina;Treutel;FEMALE;"ng~Z>@\@.]<O2";(850) 758-2192 x5487;genuine;uncommon furthermore;primary;Cote d'Ivoire
5;Javonte;Rowe;MALE;"s@0PN@.~nIF;4";859.373.9748;indeed;surprisingly;coordination;Gibraltar
6;Tatyana;Schoen;MALE;"LHG@<>N_@.ub";(314) 800-0389;palate fashion zowie;begonia through;likewise;Iraq
7;Tremayne;Hermiston;FEMALE;"q@I@.-V~";1-866-210-4259 x6965;underneath priesthood up;common vicinity;highly worst;Cyprus
8;Keon;Cronin;MALE;"-ry[@kYX@.El";1-715-508-3256 x037;yowza;which vainly pause;angle marten kielbasa;Kuwait
9;Ashleigh;Rohan;FEMALE;"%y~sE@?eUuUw@.VKKPwl";(594) 800-2883 x705;uncover diversity;than;those finally;Senegal
10;Maeve;Boehm;MALE;"3Db;S@au)(=@.ModD3";968.828.6236 x61155;grumpy rich ditch;yippee;windy although deeply;Brazil
