id;tracking_code;date;details
1;geez times;2024-11-29T08:01:37;upon a
2;agile;2024-11-29T09:59:03;during until across
3;widow;2024-11-29T05:52:49;impossible rust strait
4;sham from;2024-11-29T06:04:25;generally interestingly
5;amongst near anenst;2024-11-28T18:34:19;urban descent
6;shallow;2024-11-29T08:16:04;barring twine
7;indeed than;2024-11-28T23:42:09;upon
8;whenever before tank;2024-11-28T19:05:34;over loudly
9;so quarrelsomely memorise;2024-11-29T11:23:38;even
10;with a knowingly;2024-11-28T21:46:59;woot hateful quick
